day,share_safe,share_phishing,share_review,mean_probability,est_precision,est_recall,real_precision,real_recall,n_requests,true_phishing_share,n_drifting,drifting_features,est_precision_low,est_precision_high,est_recall_low,est_recall_high
1,0.8735,0.0585,0.068,0.20580230076921863,0.9382023705324162,0.5766825707426773,0.9486166007905138,0.5783132530120482,2000,0.2075,0,,0.9090909090909091,0.9644268774703557,0.5474379283676027,0.6078009649383695
2,0.861,0.0645,0.0745,0.22015352820399084,0.9253796885768283,0.5842639805117936,0.9244604316546763,0.5775280898876405,2000,0.2225,0,,0.89568345323741,0.9532374100719424,0.5569775596072931,0.6142857142857143
3,0.8665,0.0575,0.076,0.21233508846945778,0.9291741970773043,0.5841933907577536,0.9250936329588015,0.5811764705882353,2000,0.2125,0,,0.8987827715355805,0.9550561797752809,0.5598060306735144,0.6154613466334166
4,0.8815,0.0575,0.061,0.1938523691753212,0.9295946276640586,0.5682518291977354,0.9240506329113924,0.550251256281407,2000,0.199,0,,0.8945147679324894,0.9579113924050633,0.5349241081974958,0.5983960803219892
5,0.8665,0.0635,0.07,0.21046222966413505,0.9279003036156126,0.5885839503381153,0.951310861423221,0.594847775175644,2000,0.2135,0,,0.9025280898876404,0.9588014981273408,0.5560386181848718,0.621906725888325
6,0.868,0.06,0.072,0.20992723765741858,0.9303665334979689,0.5850045177183896,0.9015151515151515,0.5833333333333334,2000,0.204,0,,0.9014204545454545,0.9583333333333334,0.5555365296803654,0.6139336332110369
7,0.886,0.058,0.056,0.19748926647693132,0.9361565638529623,0.5403931574767576,0.9254385964912281,0.5452196382428941,2000,0.1935,0,,0.9078947368421053,0.9606359649122808,0.5107585495584576,0.5725593667546174
8,0.86,0.0575,0.0825,0.21234939107730544,0.9364006449069292,0.6173603306413287,0.9571428571428572,0.6036036036036037,2000,0.222,0,,0.9142857142857143,0.9607142857142857,0.5948873299319728,0.6482225197084636
9,0.8585,0.068,0.0735,0.21738201420156703,0.9371618805420269,0.6100247372523466,0.950530035335689,0.6141552511415526,2000,0.219,0,,0.9080388692579505,0.9612190812720848,0.5814547344453793,0.6427244742667405
10,0.8785,0.065,0.0565,0.201071565209852,0.9248990600491744,0.5588817875799208,0.8847736625514403,0.5256723716381418,2000,0.2045,0,,0.897119341563786,0.954835390946502,0.5276977413198894,0.591526769509982
11,0.751,0.057,0.192,0.31744109770441126,0.9508354449607279,0.745832935644902,0.9799196787148594,0.6971428571428572,2000,0.35,8,"num_digits, digit_ratio, domain_entropy, vowel_ratio, is_free_hosting, name_entropy, name_digit_ratio, name_num_hyphens",0.9317269076305221,0.967921686746988,0.7238605051664753,0.7687452716192077
12,0.748,0.066,0.186,0.31936401533889464,0.9517570816808273,0.7510012808708526,0.9781746031746031,0.7042857142857143,2000,0.35,12,"hostname_length, num_digits, digit_ratio, num_hyphens, longest_label_length, domain_entropy, vowel_ratio, is_free_hosting, name_length, name_entropy, name_digit_ratio, name_num_hyphens",0.9364583333333334,0.9663194444444445,0.7271101043319435,0.7767259978425027
13,0.7455,0.07,0.1845,0.31956704841880174,0.9446470075834005,0.7523074253729308,0.9607072691552063,0.6985714285714286,2000,0.35,10,"num_digits, digit_ratio, num_hyphens, domain_entropy, vowel_ratio, is_free_hosting, name_length, name_entropy, name_digit_ratio, name_num_hyphens",0.9233791748526523,0.962671905697446,0.7273873881337117,0.774773396273827
14,0.75,0.0585,0.1915,0.31951267389042687,0.9568968238830563,0.7487158586166233,0.978,0.6985714285714286,2000,0.35,10,"num_digits, digit_ratio, num_hyphens, domain_entropy, vowel_ratio, is_free_hosting, name_length, name_entropy, name_digit_ratio, name_num_hyphens",0.938,0.97205,0.7251813694541698,0.7708690464186078
15,0.752,0.052,0.196,0.3160505871692935,0.9517700169836317,0.7468391890235776,0.967741935483871,0.6857142857142857,2000,0.35,10,"hostname_length, num_digits, digit_ratio, domain_entropy, vowel_ratio, is_free_hosting, name_length, name_entropy, name_digit_ratio, name_num_hyphens",0.9374495967741936,0.969758064516129,0.728225462425773,0.7768866239361143
16,0.741,0.0725,0.1865,0.3243212074710696,0.9498386385357974,0.7585325958146484,0.9826254826254827,0.7271428571428571,2000,0.35,11,"num_digits, digit_ratio, num_hyphens, longest_label_length, domain_entropy, vowel_ratio, is_free_hosting, name_length, name_entropy, name_digit_ratio, name_num_hyphens",0.9324324324324325,0.9671814671814671,0.7361241580702186,0.7893933294167632
17,0.7375,0.066,0.1965,0.32675465402521603,0.948222214948563,0.7617591007740909,0.9695238095238096,0.7271428571428571,2000,0.35,11,"num_digits, digit_ratio, num_hyphens, longest_label_length, domain_entropy, vowel_ratio, is_free_hosting, name_length, name_entropy, name_digit_ratio, name_num_hyphens",0.9295238095238095,0.9638095238095238,0.7418314347202924,0.784062787942609
18,0.75,0.06,0.19,0.32012663933017305,0.9550872313976284,0.745866724334497,0.98,0.7,2000,0.35,8,"num_digits, digit_ratio, domain_entropy, vowel_ratio, is_free_hosting, name_entropy, name_digit_ratio, name_num_hyphens",0.9359500000000001,0.972,0.7178209406611743,0.7768949741737663
19,0.7355,0.0665,0.198,0.32720646459304,0.9556819661353168,0.7725332699559633,0.9848771266540642,0.7442857142857143,2000,0.35,10,"num_subdomain_levels, num_digits, digit_ratio, domain_entropy, vowel_ratio, is_free_hosting, name_length, name_entropy, name_digit_ratio, name_num_hyphens",0.937570888468809,0.9716918714555766,0.7503102350470772,0.7946529702822737
20,0.731,0.0765,0.1925,0.33616877348783375,0.9482255911516874,0.7587637643239794,0.9646840148698885,0.7414285714285714,2000,0.35,11,"num_digits, digit_ratio, num_hyphens, longest_label_length, domain_entropy, vowel_ratio, is_free_hosting, name_length, name_entropy, name_digit_ratio, name_num_hyphens",0.9312267657992565,0.9647304832713756,0.7362730234306478,0.780473488767791
21,0.9395,0.06,0.0005,0.16648300822630105,0.8839901892606874,0.32124243200587826,0.9008264462809917,0.218,2000,0.25,10,"hostname_length, num_labels, num_subdomain_levels, num_digits, digit_ratio, num_hyphens, domain_entropy, is_free_hosting, name_digit_ratio, name_num_hyphens",0.8347107438016529,0.9256198347107438,0.296057058500412,0.3511100717969461
22,0.947,0.053,0.0,0.16069626642110188,0.8880735843811391,0.29289977309653065,0.8867924528301887,0.188,2000,0.25,11,"hostname_length, num_labels, num_subdomain_levels, num_digits, digit_ratio, num_hyphens, domain_entropy, vowel_ratio, is_free_hosting, name_digit_ratio, name_num_hyphens",0.8393867924528302,0.9339622641509434,0.26442498818957294,0.31714634146341464
23,0.937,0.062,0.001,0.16556290172541094,0.8890026202277529,0.33828330193944856,0.8333333333333334,0.21,2000,0.25,11,"hostname_length, num_labels, num_subdomain_levels, num_digits, digit_ratio, num_hyphens, domain_entropy, vowel_ratio, is_free_hosting, name_digit_ratio, name_num_hyphens",0.8410714285714286,0.9444444444444444,0.31297488564426384,0.3718918504901961
24,0.9505,0.0495,0.0,0.15834037747160956,0.8996655007805483,0.28125133336013414,0.8686868686868687,0.172,2000,0.25,9,"hostname_length, num_labels, num_subdomain_levels, num_digits, digit_ratio, num_hyphens, domain_entropy, is_free_hosting, name_digit_ratio",0.8383838383838383,0.9494949494949495,0.25737746766507824,0.30904017857142857
25,0.942,0.058,0.0,0.16111621973305273,0.883234343138234,0.3179542816166777,0.8189655172413793,0.19,2000,0.25,11,"hostname_length, num_labels, num_subdomain_levels, num_digits, digit_ratio, num_hyphens, domain_entropy, vowel_ratio, is_free_hosting, name_digit_ratio, name_num_hyphens",0.8273706896551724,0.9396551724137931,0.2889991147216581,0.34578201040443024
26,0.9275,0.0715,0.001,0.17290138770426663,0.8676004911291184,0.3637971704105004,0.7724137931034483,0.224,2000,0.25,10,"hostname_length, num_labels, num_subdomain_levels, num_digits, digit_ratio, num_hyphens, domain_entropy, is_free_hosting, name_digit_ratio, name_num_hyphens",0.8137931034482758,0.9172413793103448,0.33596045390458,0.397072111977321
27,0.947,0.053,0.0,0.16201092755693072,0.8879856984570337,0.2904942446038694,0.839622641509434,0.178,2000,0.25,10,"hostname_length, num_labels, num_subdomain_levels, num_digits, digit_ratio, num_hyphens, domain_entropy, is_free_hosting, name_digit_ratio, name_num_hyphens",0.8299528301886793,0.9339622641509434,0.2668299831135935,0.3137557295645531
28,0.949,0.051,0.0,0.15511969291283412,0.8721976075686658,0.286759708910703,0.8725490196078431,0.178,2000,0.25,11,"hostname_length, num_labels, num_subdomain_levels, num_digits, digit_ratio, num_hyphens, domain_entropy, vowel_ratio, is_free_hosting, name_digit_ratio, name_num_hyphens",0.8137254901960784,0.9313725490196079,0.2684978632478633,0.3138249881908361
29,0.944,0.056,0.0,0.15601411098569315,0.8864669161183489,0.3181901110674524,0.8571428571428571,0.192,2000,0.25,11,"hostname_length, num_labels, num_subdomain_levels, num_digits, digit_ratio, num_hyphens, domain_entropy, vowel_ratio, is_free_hosting, name_digit_ratio, name_num_hyphens",0.8392857142857143,0.9375,0.2949635606454971,0.3413835599805731
30,0.9455,0.0545,0.0,0.16277780347083667,0.9000275200660072,0.30134022451276943,0.8623853211009175,0.188,2000,0.25,11,"hostname_length, num_labels, num_subdomain_levels, num_digits, digit_ratio, num_hyphens, domain_entropy, vowel_ratio, is_free_hosting, name_digit_ratio, name_num_hyphens",0.8532110091743119,0.9541284403669725,0.2784223344356064,0.3291139240506329
